<?xml version="1.0" encoding="ISO-8859-1" ?>
<reactivision>
    <!--
these are all the possible configuration tagsand their default values.
you only need to specify parameters you want to change from their default setting.
please note that the active tags need to be placed outside of this commented area.

<tuio host="127.0.0.1" port="3333" />
<midi config="midi_demo.xml" />
<camera config="camera.xml" />
<finger size="12" sensitivity="100" />
<fiducial engine="amoeba" tree="small.trees" />
<image display="dest" equalize="false" gradient="32" />
<calibration file="default.grid" invert="xa" />
-->
    <finger size="0" sensitivity="75" />
    <image display="dest" equalize="false" gradient="32" />
    <calibration file="default.grid" invert=" " />
</reactivision>
